County,State,Accidents
Abbeville,SC,112
Acadia,LA,19
Accomack,VA,24
Ada,ID,70
Adair,IA,42
Adair,MO,2
Adams,PA,101
Adams,CO,2516
Adams,IA,1
Adams,OH,6
Adams,WA,8
Adams,IN,9
Adams,NE,3
Adams,WI,7
Adams,IL,1
Adams,ID,9
Adams,MS,1
Addison,VT,5
Aiken,SC,1019
Aitkin,MN,78
Alachua,FL,294
Alamance,NC,106
Alameda,CA,14130
Alamosa,CO,2
Albany,NY,1825
Albany,WY,14
Albemarle,VA,414
Alcona,MI,2
Alcorn,MS,1
Alexander,NC,5
Alexander,IL,2
Alexandria,VA,414
Allegan,MI,138
Allegany,MD,61
Allegany,NY,8
Alleghany,VA,31
Alleghany,NC,6
Allegheny,PA,2126
Allen,IN,82
Allen,OH,27
Allen,KS,1
Allendale,SC,31
Alpena,MI,9
Alpine,CA,38
Amador,CA,262
Amelia,VA,59
Amherst,VA,36
Amite,MS,1
Anderson,SC,3410
Anderson,TN,38
Anderson,TX,1
Anderson,KY,1
Androscoggin,ME,18
Angelina,TX,26
Anne Arundel,MD,1210
Anoka,MN,1251
Anson,NC,4
Antrim,MI,6
Apache,AZ,107
Appling,GA,4
Appomattox,VA,29
Arapahoe,CO,1658
Archer,TX,3
Archuleta,CO,2
Arenac,MI,9
Arkansas,AR,3
Arlington,VA,519
Armstrong,PA,14
Aroostook,ME,15
Ascension,LA,112
Ashe,NC,7
Ashland,OH,6
Ashland,WI,1
Ashley,AR,5
Ashtabula,OH,8
Asotin,WA,3
Assumption,LA,2
Atascosa,TX,7
Atchison,MO,2
Athens,OH,3
Atkinson,GA,7
Atlantic,NJ,232
Audubon,IA,2
Auglaize,OH,7
Augusta,VA,361
Austin,TX,5
Autauga,AL,183
Avery,NC,4
Avoyelles,LA,1
Baca,CO,18
Bacon,GA,1
Baker,OR,508
Baker,FL,135
Baker,GA,2
Baldwin,AL,470
Baldwin,GA,27
Baltimore,MD,19
Baltimore City,MD,1237
Baltimore County,MD,1969
Bamberg,SC,85
Banks,GA,58
Bannock,ID,26
Barbour,AL,34
Barbour,WV,1
Barnstable,MA,242
Barnwell,SC,67
Barren,KY,2
Barron,WI,2
Barrow,GA,77
Barry,MI,17
Bartholomew,IN,76
Barton,MO,1
Bartow,GA,124
Bastrop,TX,27
Bath,KY,2
Bath,VA,4
Baxter,AR,1
Bay,FL,326
Bay,MI,112
Bayfield,WI,2
Baylor,TX,3
Bear Lake,ID,2
Beaufort,SC,710
Beaufort,NC,19
Beaver,UT,160
Beaver,PA,86
Becker,MN,80
Bedford,PA,126
Bedford,TN,8
Bedford,VA,1
Bedford County,VA,111
Belknap,NH,117
Bell,TX,30
Bell,KY,1
Belmont,OH,23
Beltrami,MN,69
Ben Hill,GA,1
Benewah,ID,8
Bennington,VT,13
Bent,CO,12
Benton,MN,145
Benton,TN,9
Benton,WA,15
Benton,OR,216
Benton,IA,8
Benton,MS,3
Benton,AR,58
Benzie,MI,16
Bergen,NJ,1608
Berkeley,SC,2254
Berkeley,WV,35
Berks,PA,490
Berkshire,MA,39
Bernalillo,NM,1235
Berrien,MI,253
Berrien,GA,3
Bertie,NC,18
Bexar,TX,6781
Bibb,AL,27
Bibb,GA,35
Bienville,LA,23
Big Horn,MT,5
Big Stone,MN,1
Bingham,ID,24
Black Hawk,IA,54
Bladen,NC,19
Blaine,ID,4
Blaine,NE,1
Blair,PA,83
Blanco,TX,1
Bland,VA,27
Bleckley,GA,8
Bledsoe,TN,8
Blount,AL,648
Blount,TN,27
Blue Earth,MN,290
Boise,ID,7
Bolivar,MS,3
Bond,IL,4
Bonner,ID,12
Bonneville,ID,39
Boone,IN,216
Boone,KY,218
Boone,IL,45
Boone,IA,13
Boone,MO,57
Boone,AR,2
Bossier,LA,109
Botetourt,VA,210
Boulder,CO,198
Boundary,ID,9
Bowie,TX,15
Box Elder,UT,743
Boyd,KY,2
Boyle,KY,1
Bradford,PA,18
Bradford,FL,72
Bradley,TN,105
Bradley,AR,7
Branch,MI,6
Brantley,GA,7
Braxton,WV,19
Brazoria,TX,122
Brazos,TX,1
Bremer,IA,1
Brevard,FL,940
Brewster,TX,1
Bristol,MA,378
Bristol,VA,29
Bristol,RI,2
Bronx,NY,3022
Brooke,WV,3
Brookings,SD,2
Brooks,GA,6
Broome,NY,120
Broomfield,CO,206
Broward,FL,5983
Brown,MN,45
Brown,WI,436
Brown,IL,1
Brown,OH,1
Brown,IN,4
Brown,NE,1
Brunswick,VA,98
Brunswick,NC,49
Bryan,GA,54
Buchanan,MO,13
Buchanan,VA,27
Buchanan,IA,14
Buckingham,VA,13
Bucks,PA,538
Buena Vista,IA,4
Buffalo,NE,12
Buffalo,WI,1
Bullitt,KY,27
Bulloch,GA,31
Bullock,AL,10
Buncombe,NC,481
Bureau,IL,7
Burke,NC,61
Burke,GA,14
Burlington,NJ,737
Burnet,TX,4
Burnett,WI,2
Burt,NE,15
Butler,PA,79
Butler,AL,114
Butler,OH,233
Butler,KS,4
Butler,KY,1
Butler,NE,1
Butte,CA,657
Butte,SD,2
Butts,GA,104
Cabarrus,NC,167
Cabell,WV,35
Cache,UT,38
Caddo,LA,1512
Caddo,OK,2
Calaveras,CA,294
Calcasieu,LA,260
Caldwell,TX,39
Caldwell,NC,13
Caledonia,VT,4
Calhoun,SC,323
Calhoun,AL,70
Calhoun,MI,144
Calhoun,FL,19
Calhoun,IA,6
Calhoun,MS,2
Calhoun,AR,1
Calhoun,GA,2
Callahan,TX,4
Callaway,MO,7
Calloway,KY,1
Calumet,WI,13
Calvert,MD,20
Cambria,PA,148
Camden,NJ,1232
Camden,GA,36
Cameron,PA,6
Cameron,TX,6
Cameron,LA,1
Campbell,VA,99
Campbell,TN,53
Campbell,KY,185
Campbell,WY,6
Canadian,OK,820
Candler,GA,5
Cannon,TN,3
Canyon,ID,63
Cape Girardeau,MO,8
Cape May,NJ,102
Carbon,UT,234
Carbon,PA,88
Carbon,WY,24
Carbon,MT,1
Carlton,MN,165
Caroline,VA,182
Caroline,MD,30
Carroll,VA,95
Carroll,NH,34
Carroll,GA,96
Carroll,MD,123
Carroll,IN,5
Carroll,TN,4
Carroll,IL,4
Carroll,KY,8
Carroll,MS,2
Carroll,AR,5
Carroll,OH,8
Carson City,NV,241
Carter,KY,1
Carter,TN,18
Carter,OK,6
Carter,MO,1
Carteret,NC,3
Carver,MN,297
Cascade,MT,6
Cass,MN,125
Cass,MO,69
Cass,NE,15
Cass,IA,20
Cass,ND,10
Cass,MI,34
Cass,IN,3
Cass,TX,1
Cass,IL,2
Cassia,ID,7
Caswell,NC,3
Catawba,NC,91
Catoosa,GA,63
Cattaraugus,NY,32
Cayuga,NY,103
Cecil,MD,191
Cedar,IA,36
Cedar,NE,5
Centre,PA,346
Cerro Gordo,IA,8
Chaffee,CO,58
Chambers,AL,17
Chambers,TX,15
Champaign,IL,16
Champaign,OH,4
Charles,MD,93
Charles City,VA,11
Charles Mix,SD,1
Charleston,SC,1790
Charlevoix,MI,6
Charlotte,FL,207
Charlotte,VA,13
Charlottesville,VA,27
Charlton,GA,15
Chase,KS,3
Chatham,GA,835
Chatham,NC,34
Chattahoochee,GA,5
Chattooga,GA,12
Chautauqua,NY,193
Chaves,NM,4
Cheatham,TN,39
Cheboygan,MI,8
Chelan,WA,4
Chemung,NY,4
Chenango,NY,16
Cherokee,SC,781
Cherokee,GA,314
Cherokee,AL,11
Cherokee,NC,6
Cherokee,KS,1
Cherokee,TX,1
Chesapeake,VA,584
Cheshire,NH,76
Chester,PA,656
Chester,SC,299
Chester,TN,2
Chesterfield,VA,890
Chesterfield,SC,288
Cheyenne,NE,7
Cheyenne,CO,9
Chickasaw,MS,1
Chickasaw,IA,4
Chicot,AR,2
Chilton,AL,671
Chippewa,MN,42
Chippewa,WI,37
Chippewa,MI,8
Chisago,MN,504
Chittenden,VT,52
Choctaw,AL,6
Choctaw,OK,1
Choctaw,MS,2
Chouteau,MT,1
Chowan,NC,4
Christian,KY,1
Christian,MO,6
Churchill,NV,154
Cibola,NM,30
Citrus,FL,164
Clackamas,OR,2140
Claiborne,LA,2
Claiborne,TN,2
Clallam,WA,47
Clare,MI,4
Clarendon,SC,309
Clarion,PA,34
Clark,WA,506
Clark,NV,53
Clark,IN,158
Clark,OH,70
Clark,AR,19
Clark,WI,8
Clark,KY,2
Clark,IL,4
Clark,ID,9
Clarke,AL,4
Clarke,VA,39
Clarke,MS,3
Clarke,GA,13
Clarke,IA,7
Clatsop,OR,915
Clay,FL,346
Clay,IN,15
Clay,MO,519
Clay,TX,2
Clay,NC,5
Clay,TN,1
Clay,MN,12
Clay,AL,3
Clay,IA,4
Clay,GA,3
Clay,WV,1
Clayton,GA,874
Clayton,IA,7
Clear Creek,CO,188
Clearfield,PA,255
Clearwater,MN,7
Clearwater,ID,2
Cleburne,AL,30
Cleburne,AR,3
Clermont,OH,54
Cleveland,OK,900
Cleveland,NC,30
Cleveland,AR,6
Clinton,PA,93
Clinton,OH,13
Clinton,MI,63
Clinton,MO,11
Clinton,NY,35
Clinton,IA,15
Clinton,IN,14
Clinton,IL,1
Coahoma,MS,3
Cobb,GA,1797
Cochise,AZ,45
Cocke,TN,23
Coconino,AZ,340
Coffee,AL,65
Coffee,TN,62
Coffee,GA,13
Colbert,AL,68
Cole,MO,6
Coleman,TX,2
Coles,IL,3
Colfax,NM,7
Colfax,NE,5
Colleton,SC,694
Collier,FL,405
Collin,TX,977
Colonial Heights,VA,85
Colorado,TX,4
Colquitt,GA,7
Columbia,PA,147
Columbia,GA,138
Columbia,NY,306
Columbia,FL,272
Columbia,OR,478
Columbia,WI,91
Columbia,AR,7
Columbiana,OH,7
Columbus,NC,19
Colusa,CA,173
Comal,TX,49
Comanche,OK,4
Comanche,TX,3
Concho,TX,3
Conecuh,AL,27
Conejos,CO,1
Contra Costa,CA,7440
Converse,WY,2
Conway,AR,13
Cook,IL,8533
Cook,GA,21
Cook,MN,1
Cooke,TX,3
Cooper,MO,5
Coos,OR,736
Coos,NH,30
Coosa,AL,3
Copiah,MS,7
Cortland,NY,16
Coryell,TX,1
Coshocton,OH,2
Costilla,CO,13
Cotton,OK,2
Cottonwood,MN,46
Covington,AL,19
Covington,VA,5
Covington,MS,2
Coweta,GA,232
Cowley,KS,1
Cowlitz,WA,118
Craig,OK,1
Craig,VA,1
Craighead,AR,15
Craven,NC,13
Crawford,PA,28
Crawford,GA,13
Crawford,IA,5
Crawford,AR,27
Crawford,MO,10
Crawford,OH,3
Crawford,MI,5
Crawford,WI,6
Crawford,IN,3
Creek,OK,34
Crenshaw,AL,22
Crisp,GA,8
Crittenden,AR,113
Crockett,TN,5
Crockett,TX,2
Crook,OR,236
Crook,WY,1
Crosby,TX,2
Cross,AR,2
Crow Wing,MN,196
Crowley,CO,7
Culberson,TX,3
Cullman,AL,325
Culpeper,VA,42
Cumberland,TN,58
Cumberland,ME,265
Cumberland,PA,321
Cumberland,NC,94
Cumberland,VA,10
Cumberland,NJ,83
Cumberland,IL,5
Cuming,NE,2
Currituck,NC,11
Curry,OR,360
Curry,NM,1
Custer,NE,2
Custer,CO,8
Custer,ID,6
Custer,MT,3
Custer,OK,1
Cuyahoga,OH,1895
Dade,GA,40
Daggett,UT,28
Dakota,MN,2650
Dakota,NE,4
Dale,AL,55
Dallas,TX,17283
Dallas,AL,14
Dallas,IA,126
Dallas,AR,4
Dane,WI,669
Danville,VA,6
Dare,NC,7
Darke,OH,20
Darlington,SC,641
Dauphin,PA,499
Davidson,TN,13108
Davidson,NC,80
Davie,NC,46
Daviess,MO,3
Daviess,IN,4
Daviess,KY,1
Davis,UT,2137
Davis,IA,1
Dawson,TX,4
Dawson,GA,17
Dawson,NE,10
Dawson,MT,1
De Baca,NM,1
De Soto,LA,1
De Witt,IL,1
Dearborn,IN,59
Decatur,TN,1
Decatur,IN,8
Decatur,IA,19
Decatur,GA,5
Deer Lodge,MT,1
Defiance,OH,1
DeKalb,GA,3321
DeKalb,IL,32
DeKalb,IN,10
DeKalb,AL,46
DeKalb,TN,4
DeKalb,MO,2
Del Norte,CA,112
Delaware,PA,581
Delaware,OH,921
Delaware,IN,42
Delaware,NY,32
Delaware,IA,3
Delaware,OK,1
Delta,CO,4
Delta,MI,1
Denton,TX,903
Denver,CO,5160
Des Moines,IA,10
Deschutes,OR,1957
Desha,AR,3
DeSoto,MS,121
DeSoto,FL,14
Deuel,NE,1
DeWitt,TX,1
Dickenson,VA,8
Dickinson,IA,3
Dickson,TN,44
Dillon,SC,436
Dinwiddie,VA,155
District of Columbia,DC,1484
Dixie,FL,9
Do√±a Ana,NM,35
Doddridge,WV,3
Dodge,NE,6
Dodge,MN,50
Dodge,WI,27
Dodge,GA,14
Dolores,CO,2
Dooly,GA,21
DoÔøΩa Ana,NM,10
Door,WI,2
Dorchester,SC,1292
Dorchester,MD,37
Dougherty,GA,23
Douglas,NV,261
Douglas,NE,3501
Douglas,CO,1450
Douglas,GA,308
Douglas,MN,111
Douglas,OR,2411
Douglas,WI,8
Douglas,WA,6
Douglas,KS,4
Drew,AR,3
Dubois,IN,5
Dubuque,IA,16
Duchesne,UT,161
Dukes,MA,2
Dundy,NE,1
Dunn,WI,38
DuPage,IL,3418
Duplin,NC,15
Durham,NC,577
Dutchess,NY,1165
Duval,FL,5036
Dyer,TN,9
Eagle,CO,132
Early,GA,3
East Baton Rouge,LA,11964
East Feliciana,LA,1
Eastland,TX,6
Eaton,MI,156
Eau Claire,WI,84
Echols,GA,2
Ector,TX,8
Eddy,NM,11
Edgecombe,NC,28
Edgefield,SC,122
Edmonson,KY,2
Edwards,TX,1
Edwards,KS,1
Effingham,GA,30
Effingham,IL,31
El Dorado,CA,965
El Paso,TX,3484
El Paso,CO,2052
Elbert,CO,30
Elbert,GA,17
Elk,PA,58
Elkhart,IN,27
Elko,NV,228
Ellis,TX,128
Ellis,KS,1
Ellsworth,KS,4
Elmore,AL,212
Elmore,ID,14
Emanuel,GA,17
Emery,UT,200
Emmet,MI,8
Emporia,VA,16
Erath,TX,3
Erie,NY,1905
Erie,PA,57
Erie,OH,15
Escambia,FL,1091
Escambia,AL,37
Esmeralda,NV,22
Essex,MA,1116
Essex,NJ,1449
Essex,VA,45
Essex,NY,26
Essex,VT,4
Etowah,AL,64
Eureka,NV,34
Evans,GA,3
Fairfax,VA,11
Fairfax City,VA,12
Fairfax County,VA,3326
Fairfield,CT,1435
Fairfield,SC,288
Fairfield,OH,69
Falls,TX,2
Fannin,TX,1
Faribault,MN,82
Faulkner,AR,13
Fauquier,VA,155
Fayette,KY,1052
Fayette,TX,6
Fayette,PA,25
Fayette,IN,9
Fayette,AL,3
Fayette,GA,57
Fayette,OH,10
Fayette,IL,5
Fayette,TN,32
Fayette,IA,8
Fayette,WV,8
Ferry,WA,1
Fillmore,MN,60
Fillmore,NE,1
Finney,KS,5
Flagler,FL,98
Flathead,MT,3
Fleming,KY,1
Florence,SC,1528
Floyd,IN,131
Floyd,VA,14
Floyd,GA,29
Floyd,IA,5
Fluvanna,VA,11
Fond du Lac,WI,41
Ford,IL,4
Forest,PA,2
Forest,WI,1
Forrest,MS,224
Forsyth,NC,616
Forsyth,GA,86
Fort Bend,TX,301
Fountain,IN,13
Franklin,MA,20
Franklin,OH,2979
Franklin,PA,104
Franklin,GA,46
Franklin,MO,85
Franklin,AL,9
Franklin,WA,3
Franklin,VT,17
Franklin,NC,21
Franklin,NY,18
Franklin,TN,3
Franklin,IA,2
Franklin,FL,5
Franklin,IL,19
Franklin,AR,7
Franklin,KY,4
Franklin,IN,11
Franklin,ID,4
Franklin,ME,8
Franklin,MS,2
Franklin City,VA,2
Franklin County,VA,85
Frederick,MD,1184
Frederick,VA,190
Fredericksburg,VA,76
Freeborn,MN,243
Freestone,TX,5
Fremont,IA,41
Fremont,CO,84
Fremont,WY,6
Fremont,ID,9
Fresno,CA,3551
Frio,TX,2
Frontier,NE,1
Fulton,GA,7799
Fulton,PA,45
Fulton,IN,3
Fulton,OH,9
Fulton,NY,11
Fulton,IL,2
Furnas,NE,2
Gadsden,FL,178
Gage,NE,2
Galax,VA,4
Gallatin,KY,6
Gallatin,MT,29
Gallatin,IL,1
Galveston,TX,175
Garfield,CO,83
Garfield,UT,184
Garland,AR,14
Garrett,MD,27
Garvin,OK,5
Gasconade,MO,5
Gaston,NC,180
Gates,NC,7
Geary,KS,3
Geauga,OH,211
Genesee,MI,5746
Genesee,NY,220
Geneva,AL,27
George,MS,7
Georgetown,SC,609
Gibson,IN,16
Gila,AZ,148
Gilchrist,FL,9
Giles,VA,18
Giles,TN,21
Gillespie,TX,5
Gilliam,OR,304
Gilmer,GA,20
Gilpin,CO,13
Glacier,MT,1
Glades,FL,20
Glascock,GA,1
Glasscock,TX,1
Glenn,CA,149
Gloucester,NJ,368
Gloucester,VA,106
Glynn,GA,61
Gogebic,MI,1
Golden Valley,MT,2
Gonzales,TX,11
Goochland,VA,119
Goodhue,MN,248
Gooding,ID,3
Gordon,GA,59
Grady,OK,4
Grady,GA,5
Grafton,NH,149
Graham,AZ,22
Graham,NC,3
Grainger,TN,2
Grand,UT,187
Grand,CO,30
Grand Forks,ND,1
Grand Isle,VT,2
Grand Traverse,MI,9
Grant,MN,36
Grant,WI,3
Grant,OR,362
Grant,KY,8
Grant,WA,17
Grant,IN,28
Grant,NM,2
Grant,AR,4
Granville,NC,39
Gratiot,MI,13
Gray,TX,1
Grays Harbor,WA,76
Grayson,VA,4
Grayson,TX,23
Green,WI,6
Green Lake,WI,2
Greenbrier,WV,3
Greene,NY,119
Greene,MO,628
Greene,GA,60
Greene,AL,56
Greene,PA,29
Greene,IN,7
Greene,VA,38
Greene,OH,59
Greene,MS,3
Greene,TN,33
Greene,IL,3
Greene,NC,4
Greene,AR,4
Greenlee,AZ,19
Greensville,VA,31
Greenup,KY,1
Greenville,SC,9819
Greenwood,SC,556
Greer,OK,1
Gregg,TX,44
Gregory,SD,1
Grenada,MS,2
Grimes,TX,1
Grundy,TN,15
Grundy,IL,25
Grundy,IA,5
Guadalupe,NM,18
Guadalupe,TX,53
Guernsey,OH,9
Guilford,NC,367
Gulf,FL,5
Gunnison,CO,31
Guthrie,IA,2
Gwinnett,GA,1238
Habersham,GA,51
Hale,AL,10
Hale,TX,3
Halifax,NC,48
Halifax,VA,40
Hall,GA,206
Hall,NE,7
Hall,TX,1
Hamblen,TN,8
Hamilton,OH,2141
Hamilton,TN,1253
Hamilton,IN,174
Hamilton,FL,108
Hamilton,IA,24
Hamilton,NE,9
Hamilton,NY,3
Hampden,MA,188
Hampshire,MA,29
Hampton,VA,295
Hampton,SC,126
Hampton City,VA,2
Hancock,IN,78
Hancock,MS,42
Hancock,OH,12
Hancock,WV,1
Hancock,ME,13
Hanover,VA,304
Haralson,GA,44
Hardee,FL,54
Hardeman,TN,4
Hardin,KY,9
Hardin,TN,2
Hardin,IA,5
Hardin,OH,1
Hardin,TX,1
Harford,MD,676
Harlan,NE,1
Harnett,NC,58
Harney,OR,239
Harris,TX,23903
Harris,GA,39
Harrison,TX,15
Harrison,IA,11
Harrison,MS,167
Harrison,IN,8
Harrison,OH,5
Harrison,MO,6
Harrison,WV,25
Harrisonburg,VA,44
Hart,GA,8
Hart,KY,7
Hartford,CT,1948
Hartley,TX,1
Haskell,TX,1
Hawkins,TN,8
Hays,TX,159
Haywood,NC,162
Haywood,TN,21
Heard,GA,12
Hempstead,AR,4
Henderson,NC,66
Henderson,TN,11
Henderson,TX,1
Henderson,IL,2
Hendricks,IN,120
Hendry,FL,36
Hennepin,MN,9850
Henrico,VA,2874
Henry,AL,20
Henry,IL,10
Henry,GA,529
Henry,VA,119
Henry,IN,53
Henry,KY,7
Henry,IA,4
Henry,OH,2
Henry,TN,1
Herkimer,NY,80
Hernando,FL,546
Hertford,NC,4
Hickman,TN,21
Hidalgo,TX,40
Hidalgo,NM,14
Highland,OH,8
Highlands,FL,142
Hill,TX,11
Hill,MT,1
Hillsborough,FL,4963
Hillsborough,NH,677
Hillsdale,MI,1
Hinds,MS,475
Hinsdale,CO,4
Hitchcock,NE,1
Hocking,OH,1
Hockley,TX,1
Hodgeman,KS,2
Hoke,NC,7
Holmes,MS,2
Holmes,FL,56
Holmes,OH,16
Holt,MO,6
Hood River,OR,295
Hopewell,VA,14
Hopkins,TX,4
Hopkins,KY,2
Horry,SC,3670
Hot Spring,AR,11
Houston,AL,265
Houston,GA,127
Houston,MN,29
Houston,TX,7
Houston,TN,2
Howard,MD,633
Howard,IN,145
Howard,TX,7
Howard,NE,2
Howard,IA,1
Howard,AR,4
Hubbard,MN,72
Hudson,NJ,893
Hudspeth,TX,8
Huerfano,CO,80
Humboldt,CA,467
Humboldt,NV,22
Humphreys,TN,16
Humphreys,MS,1
Hunt,TX,11
Hunterdon,NJ,201
Huntingdon,PA,89
Huntington,IN,16
Huron,MI,2
Huron,OH,1
Hutchinson,SD,3
Iberia,LA,1
Iberville,LA,57
Ida,IA,1
Idaho,ID,12
Imperial,CA,13
Independence,AR,2
Indian River,FL,114
Indiana,PA,17
Ingham,MI,329
Inyo,CA,104
Ionia,MI,34
Iosco,MI,7
Iowa,IA,37
Iowa,WI,10
Iredell,NC,274
Iron,UT,592
Iron,MO,1
Iroquois,IL,37
Irwin,GA,10
Isabella,MI,15
Isanti,MN,96
Island,WA,44
Isle of Wight,VA,99
Itasca,MN,103
Itawamba,MS,3
Jack,TX,1
Jackson,MN,98
Jackson,MO,2285
Jackson,GA,164
Jackson,MI,203
Jackson,OR,2275
Jackson,FL,221
Jackson,MS,178
Jackson,NC,15
Jackson,WI,19
Jackson,IN,56
Jackson,AL,44
Jackson,IA,2
Jackson,OH,1
Jackson,IL,1
Jackson,WV,17
Jackson,TX,1
Jackson,CO,6
Jackson,AR,1
James City,VA,36
Jasper,SC,433
Jasper,IN,42
Jasper,IA,44
Jasper,MO,50
Jasper,IL,1
Jasper,TX,3
Jay,IN,2
Jefferson,KY,3778
Jefferson,MO,464
Jefferson,LA,413
Jefferson,AL,3050
Jefferson,CO,1518
Jefferson,WI,54
Jefferson,TN,42
Jefferson,OR,535
Jefferson,WA,72
Jefferson,FL,23
Jefferson,PA,23
Jefferson,TX,17
Jefferson,AR,31
Jefferson,IL,33
Jefferson,ID,5
Jefferson,GA,15
Jefferson,NY,34
Jefferson,IA,3
Jefferson,MT,11
Jefferson,WV,2
Jefferson,IN,2
Jefferson,MS,1
Jefferson Davis,LA,20
Jefferson Davis,MS,1
Jenkins,GA,7
Jennings,IN,6
Jerome,ID,17
Jessamine,KY,5
Jim Wells,TX,2
Jo Daviess,IL,2
Johnson,TX,40
Johnson,KS,1170
Johnson,IA,149
Johnson,IN,85
Johnson,MO,1
Johnson,NE,1
Johnson,TN,1
Johnson,IL,6
Johnson,WY,2
Johnson,KY,1
Johnson,AR,1
Johnson,GA,1
Johnston,NC,439
Jones,MS,40
Jones,IA,15
Jones,GA,11
Jones,NC,2
Josephine,OR,1061
Juab,UT,288
Judith Basin,MT,4
Juneau,WI,42
Juniata,PA,12
Kalamazoo,MI,232
Kalkaska,MI,6
Kanabec,MN,34
Kanawha,WV,134
Kandiyohi,MN,119
Kane,IL,1436
Kane,UT,121
Kankakee,IL,8
Kaufman,TX,104
Kay,OK,9
Kearney,NE,1
Keith,NE,2
Kemper,MS,3
Kendall,TX,11
Kendall,IL,4
Kennebec,ME,58
Kenosha,WI,139
Kent,MI,2072
Kent,RI,475
Kent,MD,13
Kent,DE,30
Kenton,KY,1382
Keokuk,IA,2
Kern,CA,3464
Kerr,TX,4
Kershaw,SC,722
Kimball,NE,16
Kimble,TX,10
King,WA,7947
King and Queen,VA,5
King George,VA,74
King William,VA,20
Kings,NY,2355
Kings,CA,415
Kinney,TX,2
Kiowa,CO,11
Kit Carson,CO,14
Kitsap,WA,199
Kittitas,WA,35
Klamath,OR,1554
Klickitat,WA,17
Knox,TN,630
Knox,OH,7
Knox,IN,9
Knox,IL,7
Knox,ME,1
Koochiching,MN,24
Kootenai,ID,85
Kosciusko,IN,6
Kossuth,IA,2
La Crosse,WI,34
La Paz,AZ,104
La Plata,CO,9
La Porte,IN,1
La Salle,TX,5
Lac qui Parle,MN,6
Lackawanna,PA,119
Laclede,MO,14
Lafayette,LA,2591
Lafayette,MS,90
Lafayette,FL,4
Lafayette,MO,36
Lafayette,AR,1
Lafourche,LA,4
LaGrange,IN,3
Lake,CA,465
Lake,IN,637
Lake,FL,355
Lake,IL,4304
Lake,OH,60
Lake,OR,336
Lake,CO,12
Lake,MN,7
Lake,MT,5
Lake of the Woods,MN,4
Lamar,MS,159
Lamar,AL,9
Lamar,GA,8
Lamb,TX,5
Lamoille,VT,9
Lampasas,TX,2
Lancaster,PA,1848
Lancaster,SC,595
Lancaster,VA,16
Lancaster,NE,47
Lander,NV,25
Lane,OR,2914
Langlade,WI,2
Lanier,GA,2
Lapeer,MI,38
LaPorte,IN,41
Laramie,WY,12
Larimer,CO,463
Larue,KY,1
Las Animas,CO,95
LaSalle,IL,35
Lassen,CA,133
Latah,ID,12
Lauderdale,MS,15
Lauderdale,AL,21
Laurel,KY,3
Laurens,SC,673
Laurens,GA,32
Lawrence,AL,24
Lawrence,PA,36
Lawrence,TN,8
Lawrence,MO,11
Lawrence,OH,2
Lawrence,AR,10
Lawrence,IN,1
Le Flore,OK,2
Le Sueur,MN,82
Lea,NM,18
Leavenworth,KS,5
Lebanon,PA,175
Lee,FL,2515
Lee,SC,237
Lee,AL,206
Lee,VA,8
Lee,GA,25
Lee,NC,17
Lee,IA,4
Lee,KY,1
Lee,MS,16
Lee,IL,17
Leelanau,MI,4
Leflore,MS,1
Lehigh,PA,427
Lemhi,ID,2
Lenawee,MI,20
Lenoir,NC,17
Leon,FL,859
Leon,TX,2
Leslie,KY,1
Levy,FL,45
Lewis,TN,3
Lewis,WA,72
Lewis,WV,10
Lewis,ID,3
Lewis,NY,14
Lewis and Clark,MT,6
Lexington,SC,3908
Liberty,GA,47
Liberty,FL,7
Liberty,TX,5
Licking,OH,141
Limestone,AL,772
Lincoln,NE,12
Lincoln,WA,10
Lincoln,TN,9
Lincoln,OR,737
Lincoln,NM,6
Lincoln,OK,9
Lincoln,WI,4
Lincoln,LA,2
Lincoln,NV,51
Lincoln,MO,11
Lincoln,NC,29
Lincoln,CO,15
Lincoln,MS,4
Lincoln,WY,3
Lincoln,ID,2
Lincoln,AR,1
Lincoln,ME,1
Linn,IA,169
Linn,OR,1538
Linn,MO,1
Litchfield,CT,93
Live Oak,TX,1
Livingston,MI,284
Livingston,IL,10
Livingston,LA,75
Livingston,NY,33
Livingston,MO,1
Llano,TX,1
Logan,IL,13
Logan,CO,11
Logan,OH,6
Logan,OK,3
Logan,WV,5
Logan,ND,1
Logan,AR,1
Lonoke,AR,30
Lorain,OH,51
Los Angeles,CA,67118
Loudon,TN,46
Loudoun,VA,1168
Louisa,VA,77
Louisa,IA,2
Love,OK,3
Loving,TX,1
Lowndes,AL,120
Lowndes,GA,67
Lowndes,MS,6
Lubbock,TX,4
Lucas,OH,343
Lucas,IA,6
Luce,MI,1
Lumpkin,GA,5
Luna,NM,19
Lunenburg,VA,20
Luzerne,PA,123
Lycoming,PA,231
Lyman,SD,1
Lynchburg,VA,17
Lyon,MN,102
Lyon,NV,198
Lyon,KS,13
Lyon,KY,1
Lyon,IA,1
Mackinac,MI,5
Macomb,MI,1107
Macon,AL,165
Macon,NC,5
Macon,IL,8
Macon,TN,4
Macon,GA,4
Macon-Bibb County,GA,254
Madera,CA,885
Madison,FL,87
Madison,AL,2884
Madison,IL,110
Madison,VA,16
Madison,NY,66
Madison,OH,56
Madison,NC,11
Madison,MS,88
Madison,IN,84
Madison,TN,33
Madison,KY,11
Madison,IA,6
Madison,MO,2
Madison,LA,2
Madison,NE,1
Madison,MT,3
Madison,AR,1
Madison,ID,1
Mahaska,IA,7
Mahnomen,MN,14
Mahoning,OH,51
Malheur,OR,793
Manassas,VA,7
Manassas Park,VA,4
Manatee,FL,1356
Manistee,MI,4
Manitowoc,WI,17
Marathon,WI,92
Marengo,AL,1
Maricopa,AZ,19410
Maries,MO,1
Marin,CA,1931
Marinette,WI,9
Marion,IN,4219
Marion,OR,2551
Marion,FL,774
Marion,AL,39
Marion,SC,221
Marion,TN,78
Marion,IL,5
Marion,GA,2
Marion,OH,10
Marion,MO,7
Marion,IA,3
Marion,WV,8
Mariposa,CA,133
Marlboro,SC,222
Marquette,WI,16
Marquette,MI,4
Marshall,AL,53
Marshall,TN,9
Marshall,IN,8
Marshall,MS,6
Marshall,KY,1
Marshall,IA,3
Marshall,IL,2
Marshall,MN,3
Martin,FL,138
Martin,MN,65
Martin,IN,11
Martin,NC,6
Martin,TX,4
Martinsville,VA,2
Mason,WA,110
Mason,MI,6
Mason,IL,3
Massac,IL,11
Mathews,VA,8
Maury,TN,25
Mayes,OK,4
McClain,OK,38
McCook,SD,2
McCormick,SC,52
McCracken,KY,5
McDonough,IL,3
McDowell,NC,49
McDowell,WV,2
McDuffie,GA,38
McHenry,IL,84
McIntosh,GA,19
McIntosh,OK,1
McIntosh,ND,1
McKean,PA,83
McKinley,NM,52
McLean,IL,18
McLennan,TX,39
McLeod,MN,133
McMinn,TN,40
McMullen,TX,1
Mecklenburg,NC,22928
Mecklenburg,VA,99
Mecosta,MI,7
Medina,OH,48
Medina,TX,2
Meeker,MN,97
Meigs,TN,4
Meigs,OH,2
Mellette,SD,1
Menard,IL,1
Mendocino,CA,649
Merced,CA,1010
Mercer,NJ,580
Mercer,WV,20
Mercer,PA,37
Mercer,IL,1
Mercer,OH,2
Meriwether,GA,24
Merrick,NE,1
Merrimack,NH,400
Mesa,CO,48
Miami,OH,31
Miami,IN,4
Miami-Dade,FL,10534
Middlesex,MA,3068
Middlesex,NJ,1456
Middlesex,CT,227
Middlesex,VA,23
Midland,MI,31
Midland,TX,10
Mifflin,PA,64
Milam,TX,1
Millard,UT,275
Mille Lacs,MN,123
Miller,MO,5
Miller,AR,11
Miller,GA,5
Mills,IA,22
Milwaukee,WI,3067
Mineral,NV,57
Mineral,MT,13
Mineral,CO,5
Minidoka,ID,6
Minnehaha,SD,1
Mississippi,AR,6
Missoula,MT,21
Mitchell,TX,15
Mitchell,NC,3
Mitchell,GA,10
Mitchell,IA,2
Mobile,AL,2063
Modoc,CA,45
Moffat,CO,7
Mohave,AZ,218
Monmouth,NJ,501
Mono,CA,183
Monona,IA,3
Monongalia,WV,26
Monroe,MI,211
Monroe,NY,5546
Monroe,PA,225
Monroe,GA,151
Monroe,FL,165
Monroe,IL,6
Monroe,WI,43
Monroe,IA,3
Monroe,IN,15
Monroe,AL,1
Monroe,MS,1
Monroe,TN,9
Monroe,AR,5
Montague,TX,3
Montcalm,MI,2
Monterey,CA,2241
Montezuma,CO,10
Montgomery,PA,4830
Montgomery,AL,2271
Montgomery,MD,1945
Montgomery,OH,2331
Montgomery,TX,421
Montgomery,MO,7
Montgomery,VA,148
Montgomery,NY,132
Montgomery,TN,49
Montgomery,NC,19
Montgomery,KS,1
Montgomery,IL,11
Montgomery,MS,1
Montgomery,IN,23
Montgomery,KY,3
Montgomery,IA,1
Montgomery,AR,5
Montgomery,GA,2
Montour,PA,56
Montrose,CO,11
Moore,NC,24
Moore,TN,1
Mora,NM,3
Morehouse,LA,1
Morgan,AL,574
Morgan,UT,269
Morgan,CO,35
Morgan,IN,27
Morgan,GA,48
Morgan,IL,2
Morgan,TN,4
Morris,NJ,594
Morris,TX,6
Morrison,MN,100
Morrow,OR,308
Morrow,OH,12
Mower,MN,106
Multnomah,OR,7809
Murray,GA,11
Murray,MN,42
Murray,OK,1
Muscatine,IA,4
Muscogee,GA,83
Muskegon,MI,40
Muskingum,OH,30
Muskogee,OK,4
Nacogdoches,TX,3
Napa,CA,1035
Nash,NC,42
Nassau,NY,3179
Nassau,FL,174
Natchitoches,LA,6
Natrona,WY,4
Navajo,AZ,92
Navarro,TX,5
Nelson,VA,35
Nemaha,NE,5
Neosho,KS,1
Neshoba,MS,3
Ness,KS,1
Nevada,CA,692
Nevada,AR,3
New Castle,DE,1548
New Hanover,NC,100
New Haven,CT,1254
New Kent,VA,246
New London,CT,285
New Madrid,MO,5
New York,NY,2191
Newaygo,MI,8
Newberry,SC,567
Newport,RI,15
Newport News,VA,377
Newton,GA,72
Newton,MS,6
Newton,MO,2
Newton,IN,2
Nez Perce,ID,10
Niagara,NY,270
Nicholas,WV,1
Nicollet,MN,173
Noble,OK,2
Noble,IN,8
Nobles,MN,116
Nodaway,MO,1
Nolan,TX,9
Norfolk,MA,1250
Norfolk,VA,1194
Northampton,VA,21
Northampton,PA,236
Northampton,NC,19
Northumberland,PA,154
Northumberland,VA,25
Nottoway,VA,53
Nowata,OK,1
Nuckolls,NE,1
Nueces,TX,9
Nye,NV,25
Oakland,MI,2321
Obion,TN,3
Ocean,NJ,384
Oceana,MI,7
Oconee,SC,942
Oconee,GA,5
Oconto,WI,10
Ogemaw,MI,6
Oglala Lakota,SD,1
Ogle,IL,14
Oglethorpe,GA,6
Ohio,IN,1
Ohio,WV,32
Okaloosa,FL,310
Okanogan,WA,6
Okeechobee,FL,24
Okfuskee,OK,2
Oklahoma,OK,12405
Okmulgee,OK,8
Oktibbeha,MS,3
Oldham,KY,33
Oldham,TX,4
Olmsted,MN,368
Oneida,NY,676
Oneida,WI,12
Oneida,ID,6
Onondaga,NY,706
Onslow,NC,11
Ontario,NY,225
Orange,NY,596
Orange,FL,6689
Orange,CA,13435
Orange,VA,33
Orange,NC,127
Orange,TX,11
Orange,IN,7
Orange,VT,4
Orangeburg,SC,1574
Orleans,LA,954
Orleans,NY,17
Orleans,VT,9
Osage,OK,44
Osage,MO,2
Osage,KS,3
Osceola,FL,921
Osceola,IA,3
Osceola,MI,8
Oscoda,MI,2
Oswego,NY,24
Otero,NM,10
Otero,CO,47
Otoe,NE,4
Otsego,MI,7
Otsego,NY,25
Ottawa,MI,226
Ottawa,OH,6
Ottawa,OK,1
Otter Tail,MN,110
Ouachita,LA,22
Ouachita,AR,8
Ouray,CO,1
Outagamie,WI,160
Overton,TN,6
Owyhee,ID,2
Oxford,ME,10
Ozaukee,WI,58
Pacific,WA,110
Page,VA,24
Page,IA,3
Palm Beach,FL,3739
Palo Alto,IA,1
Palo Pinto,TX,3
Pamlico,NC,2
Panola,MS,11
Panola,TX,1
Park,CO,110
Park,WY,3
Park,MT,7
Parke,IN,6
Parker,TX,32
Parmer,TX,1
Pasco,FL,1321
Pasquotank,NC,3
Passaic,NJ,463
Patrick,VA,17
Paulding,GA,16
Paulding,OH,1
Pawnee,OK,4
Pawnee,KS,3
Payette,ID,12
Payne,OK,9
Peach,GA,81
Pearl River,MS,29
Pecos,TX,2
Pemiscot,MO,6
Pend Oreille,WA,5
Pender,NC,76
Pendleton,KY,1
Pennington,MN,3
Pennington,SD,9
Penobscot,ME,82
Peoria,IL,43
Perkins,SD,1
Perry,OH,7
Perry,AL,2
Perry,PA,22
Perry,MO,1
Perry,IN,5
Perry,MS,4
Perry,TN,3
Pershing,NV,20
Person,NC,6
Petersburg,VA,112
Petroleum,MT,2
Phelps,MO,29
Phelps,NE,1
Philadelphia,PA,1668
Phillips,MT,1
Pickaway,OH,17
Pickens,SC,1101
Pickens,AL,19
Pickens,GA,9
Pickett,TN,3
Pierce,WA,1972
Pierce,WI,14
Pierce,NE,1
Pierce,GA,3
Pike,AL,218
Pike,IN,2
Pike,PA,28
Pike,MS,7
Pike,GA,6
Pike,MO,2
Pike,IL,2
Pike,OH,1
Pima,AZ,2943
Pinal,AZ,461
Pine,MN,235
Pinellas,FL,3424
Pipestone,MN,2
Pitkin,CO,4
Pitt,NC,29
Pittsburg,OK,1
Pittsylvania,VA,86
Piute,UT,25
Placer,CA,1864
Plaquemines,LA,1
Platte,MO,181
Platte,WY,6
Platte,NE,1
Plumas,CA,141
Plymouth,MA,500
Plymouth,IA,9
Pocahontas,IA,5
Poinsett,AR,5
Pointe Coupee,LA,4
Polk,IA,1181
Polk,FL,646
Polk,OR,610
Polk,NC,29
Polk,GA,22
Polk,TX,4
Polk,MN,9
Polk,TN,4
Polk,WI,3
Polk,AR,3
Pondera,MT,2
Pontotoc,MS,1
Pope,MN,23
Pope,AR,12
Portage,WI,57
Portage,OH,20
Porter,IN,55
Portsmouth,VA,151
Posey,IN,14
Pottawatomie,OK,22
Pottawatomie,KS,1
Pottawattamie,IA,262
Potter,PA,33
Potter,TX,7
Powder River,MT,1
Powell,KY,1
Powell,MT,3
Power,ID,5
Poweshiek,IA,29
Powhatan,VA,103
Prairie,AR,4
Preble,OH,25
Presque Isle,MI,2
Preston,WV,3
Price,WI,4
Prince Edward,VA,24
Prince George,VA,74
Prince George's,MD,2172
Prince Georges,MD,13
Prince William,VA,945
Providence,RI,2375
Prowers,CO,28
Pueblo,CO,390
Pulaski,VA,54
Pulaski,AR,300
Pulaski,IL,1
Pulaski,GA,2
Pulaski,MO,18
Pulaski,IN,2
Putnam,NY,663
Putnam,TN,67
Putnam,FL,39
Putnam,IL,5
Putnam,IN,35
Putnam,GA,5
Putnam,WV,41
Putnam,OH,2
Quay,NM,13
Queen Anne's,MD,195
Queen Annes,MD,1
Queens,NY,4508
Quitman,GA,1
Rabun,GA,2
Racine,WI,182
Radford,VA,3
Raleigh,WV,10
Ralls,MO,3
Ramsey,MN,4815
Randall,TX,5
Randolph,NC,44
Randolph,GA,3
Randolph,IN,8
Randolph,AL,2
Randolph,WV,1
Randolph,AR,2
Rankin,MS,143
Rapides,LA,38
Rappahannock,VA,5
Ravalli,MT,4
Real,TX,1
Red Lake,MN,3
Red River,LA,1
Redwood,MN,52
Reeves,TX,11
Refugio,TX,1
Rensselaer,NY,441
Renville,MN,87
Rhea,TN,6
Rice,MN,312
Rich,UT,4
Richland,SC,6826
Richland,OH,21
Richland,LA,2
Richland,IL,1
Richmond,NY,534
Richmond,GA,2313
Richmond,NC,14
Richmond,VA,1
Richmond City,VA,4552
Richmond County,VA,13
Ringgold,IA,3
Rio Arriba,NM,7
Rio Blanco,CO,7
Rio Grande,CO,11
Ripley,IN,15
Ritchie,WV,1
Riverside,CA,10351
Roane,TN,55
Roane,WV,7
Roanoke City,VA,85
Roanoke County,VA,190
Robertson,TN,96
Robertson,TX,2
Robeson,NC,122
Rock,WI,171
Rock,MN,3
Rock Island,IL,28
Rockbridge,VA,157
Rockcastle,KY,1
Rockdale,GA,89
Rockingham,NH,589
Rockingham,VA,147
Rockingham,NC,26
Rockland,NY,1045
Rockwall,TX,180
Rogers,OK,40
Roosevelt,NM,1
Roscommon,MI,23
Roseau,MN,16
Rosebud,MT,1
Ross,OH,6
Routt,CO,13
Rowan,NC,145
Rowan,KY,6
Rush,IN,8
Rusk,TX,2
Rusk,WI,9
Russell,VA,26
Russell,AL,102
Russell,KS,1
Rutherford,TN,213
Rutherford,NC,10
Rutland,VT,15
Sabine,LA,1
Sabine,TX,2
Sac,IA,2
Sacramento,CA,11755
Sagadahoc,ME,17
Saginaw,MI,128
Saguache,CO,10
Saint Charles,MO,2
Saint Joseph,MI,4
Saint Lawrence,NY,2
Salem,VA,34
Salem,NJ,68
Saline,MO,18
Saline,AR,56
Saline,IL,2
Saline,KS,1
Salt Lake,UT,10497
Saluda,SC,168
Sampson,NC,33
San Benito,CA,442
San Bernardino,CA,12267
San Diego,CA,11464
San Francisco,CA,2693
San Jacinto,TX,5
San Joaquin,CA,3805
San Juan,UT,234
San Juan,NM,5
San Juan,CO,4
San Luis Obispo,CA,1230
San Mateo,CA,5028
San Miguel,NM,15
San Miguel,CO,11
San Patricio,TX,1
Sanders,MT,3
Sandoval,NM,15
Sandusky,OH,14
Sangamon,IL,37
Sanilac,MI,1
Sanpete,UT,144
Santa Barbara,CA,1631
Santa Clara,CA,10696
Santa Cruz,CA,1579
Santa Fe,NM,37
Santa Rosa,FL,334
Sarasota,FL,1057
Saratoga,NY,1039
Sarpy,NE,889
Sauk,WI,44
Saunders,NE,3
Sawyer,WI,1
Schenectady,NY,317
Schoharie,NY,30
Schoolcraft,MI,1
Schuyler,NY,1
Schuylkill,PA,62
Scioto,OH,7
Scotland,MO,5
Scotland,NC,10
Scott,MN,722
Scott,IA,96
Scott,VA,22
Scott,MO,13
Scott,IN,18
Scott,KY,11
Scott,MS,3
Scott,AR,3
Scotts Bluff,NE,3
Screven,GA,1
Sebastian,AR,6
Sedgwick,KS,63
Sedgwick,CO,3
Seminole,FL,917
Seminole,OK,2
Seneca,NY,57
Seneca,OH,1
Sequatchie,TN,6
Sequoyah,OK,4
Sevier,UT,347
Sevier,TN,46
Sevier,AR,6
Seward,NE,7
Sharp,AR,1
Shasta,CA,688
Shawano,WI,29
Shawnee,KS,36
Sheboygan,WI,112
Shelby,TN,3138
Shelby,AL,549
Shelby,IN,108
Shelby,OH,17
Shelby,KY,13
Shelby,IL,3
Shelby,IA,6
Shenandoah,VA,153
Sherburne,MN,341
Sheridan,WY,3
Sherman,OR,320
Sherman,KS,1
Sherman,TX,3
Sherman,NE,1
Shiawassee,MI,49
Shoshone,ID,20
Sibley,MN,84
Sierra,CA,33
Sierra,NM,5
Silver Bow,MT,2
Simpson,KY,2
Simpson,MS,8
Sioux,IA,19
Sioux,ND,1
Siskiyou,CA,205
Skagit,WA,195
Skamania,WA,21
Smith,TX,88
Smith,TN,9
Smith,MS,1
Smyth,VA,48
Snohomish,WA,1847
Snyder,PA,66
Socorro,NM,19
Solano,CA,3102
Somerset,NJ,313
Somerset,PA,182
Somerset,MD,13
Somerset,ME,11
Sonoma,CA,3202
Southampton,VA,18
Spalding,GA,84
Spartanburg,SC,6536
Spencer,IN,14
Spencer,KY,1
Spokane,WA,553
Spotsylvania,VA,158
St. Bernard,LA,1
St. Charles,LA,89
St. Charles,MO,629
St. Clair,MI,78
St. Clair,AL,176
St. Clair,IL,131
St. Croix,WI,88
St. Francis,AR,31
St. Francois,MO,9
St. James,LA,14
St. John the Baptist,LA,70
St. Johns,FL,414
St. Joseph,MI,40
St. Joseph,IN,37
St. Landry,LA,5
St. Lawrence,NY,10
St. Louis,MN,377
St. Louis City,MO,860
St. Louis County,MO,2941
St. Lucie,FL,250
St. Martin,LA,106
St. Mary,LA,4
St. Mary's,MD,47
St. Tammany,LA,110
Stafford,VA,430
Stanislaus,CA,2113
Stanly,NC,11
Stark,OH,59
Stark,ND,3
Starr,TX,2
Staunton,VA,4
Ste Genevieve,MO,11
Stearns,MN,432
Steele,MN,191
Stephens,GA,6
Stephenson,IL,3
Steuben,NY,19
Steuben,IN,11
Stevens,WA,13
Stevens,MN,15
Stewart,GA,14
Stillwater,MT,3
Stokes,NC,15
Stone,MS,1
Storey,NV,29
Story,IA,72
Strafford,NH,113
Sublette,WY,2
Suffolk,VA,190
Suffolk,MA,1897
Suffolk,NY,3909
Suffolk City,VA,2
Sullivan,NH,33
Sullivan,PA,14
Sullivan,NY,25
Sullivan,TN,51
Sullivan,IN,2
Summit,UT,790
Summit,OH,659
Summit,CO,102
Sumner,TN,67
Sumner,KS,5
Sumter,FL,204
Sumter,SC,759
Sumter,AL,41
Sumter,GA,7
Sunflower,MS,1
Surry,NC,61
Surry,VA,13
Susquehanna,PA,31
Sussex,VA,70
Sussex,NJ,48
Sussex,DE,42
Sutter,CA,277
Sutton,TX,3
Suwannee,FL,155
Swain,NC,4
Sweet Grass,MT,2
Sweetwater,WY,17
Swift,MN,19
Switzerland,IN,2
Talbot,MD,49
Talbot,GA,8
Taliaferro,GA,8
Talladega,AL,46
Tallapoosa,AL,19
Tama,IA,1
Tangipahoa,LA,71
Taos,NM,4
Tarrant,TX,3464
Tate,MS,4
Tattnall,GA,8
Taylor,FL,27
Taylor,TX,17
Taylor,GA,5
Taylor,WI,2
Tazewell,IL,753
Tazewell,VA,16
Tehama,CA,296
Telfair,GA,3
Teller,CO,21
Terrebonne,LA,121
Terrell,GA,3
Terrell,TX,2
Teton,WY,3
Teton,ID,1
Teton,MT,1
Texas,MO,1
Thomas,GA,8
Thomas,KS,2
Thurston,WA,304
Tift,GA,41
Tillamook,OR,621
Tioga,PA,83
Tioga,NY,27
Tippah,MS,5
Tippecanoe,IN,29
Tipton,TN,8
Tipton,IN,16
Tishomingo,MS,1
Titus,TX,11
Todd,MN,109
Tolland,CT,139
Tom Green,TX,4
Tompkins,NY,15
Tooele,UT,701
Toole,MT,5
Toombs,GA,6
Torrance,NM,15
Transylvania,NC,3
Traverse,MN,1
Travis,TX,18043
Trego,KS,1
Trempealeau,WI,21
Treutlen,GA,36
Trinity,CA,129
Trinity,TX,5
Troup,GA,163
Trousdale,TN,2
Trumbull,OH,27
Tucker,WV,2
Tulare,CA,1512
Tulsa,OK,6035
Tuolumne,CA,407
Turner,GA,14
Tuscaloosa,AL,1918
Tuscarawas,OH,12
Twiggs,GA,35
Twin Falls,ID,13
Uinta,WY,4
Uintah,UT,140
Ulster,NY,324
Umatilla,OR,1418
Unicoi,TN,11
Union,NJ,998
Union,SC,226
Union,OR,719
Union,OH,32
Union,PA,54
Union,IL,7
Union,NC,45
Union,FL,8
Union,MS,10
Union,LA,4
Union,GA,2
Union,IA,3
Union,TN,8
Union,AR,5
Union,SD,1
Upshur,WV,1
Upson,GA,12
Utah,UT,2700
Uvalde,TX,1
Val Verde,TX,1
Valencia,NM,4
Valley,ID,6
Van Buren,MI,107
Van Buren,AR,1
Van Wert,OH,9
Van Zandt,TX,3
Vance,NC,33
Vanderburgh,IN,34
Venango,PA,13
Ventura,CA,2576
Vermilion,IL,7
Vermillion,IN,1
Vernon,WI,13
Victoria,TX,7
Vigo,IN,52
Vilas,WI,3
Vinton,OH,3
Virginia Beach,VA,730
Volusia,FL,632
Wabash,IN,6
Wabash,IL,1
Wabasha,MN,54
Wadena,MN,32
Wagoner,OK,42
Wahkiakum,WA,6
Wake,NC,17373
Wakulla,FL,49
Waldo,ME,4
Walker,TX,17
Walker,AL,171
Walker,GA,17
Walla Walla,WA,4
Waller,TX,61
Wallowa,OR,164
Walthall,MS,2
Walton,GA,70
Walton,FL,180
Walworth,WI,38
Walworth,SD,1
Wapello,IA,10
Ward,TX,3
Ware,GA,5
Warren,NY,399
Warren,NJ,693
Warren,IA,39
Warren,OH,111
Warren,NC,20
Warren,TN,2
Warren,VA,53
Warren,GA,18
Warren,MS,41
Warren,MO,16
Warren,KY,10
Warren,PA,2
Warren,IN,14
Warrick,IN,8
Wasatch,UT,739
Wasco,OR,807
Waseca,MN,46
Washburn,WI,1
Washington,NY,132
Washington,MN,1720
Washington,MD,378
Washington,TN,924
Washington,VA,123
Washington,OR,1820
Washington,RI,106
Washington,WI,106
Washington,IA,1
Washington,UT,716
Washington,PA,143
Washington,FL,61
Washington,AL,6
Washington,GA,5
Washington,VT,17
Washington,NE,14
Washington,AR,59
Washington,TX,2
Washington,OH,8
Washington,NC,1
Washington,OK,2
Washington,MO,5
Washington,IL,1
Washington,CO,14
Washington,LA,1
Washington,MS,3
Washington,ID,7
Washington,ME,2
Washita,OK,1
Washoe,NV,1527
Washtenaw,MI,557
Watauga,NC,12
Watonwan,MN,33
Waukesha,WI,531
Waupaca,WI,25
Waushara,WI,13
Wayne,MI,5335
Wayne,OH,17
Wayne,PA,6
Wayne,NC,30
Wayne,NY,23
Wayne,UT,58
Wayne,IL,4
Wayne,IN,398
Wayne,NE,2
Wayne,MS,2
Wayne,TN,4
Wayne,WV,1
Waynesboro,VA,17
Weakley,TN,8
Webb,TX,6
Weber,UT,1904
Webster,LA,14
Webster,GA,1
Webster,MO,17
Webster,IA,2
Weld,CO,483
Wells,IN,1
West Baton Rouge,LA,164
Westchester,NY,4058
Westmoreland,PA,395
Westmoreland,VA,15
Wexford,MI,1
Wharton,TX,5
Whatcom,WA,324
Wheeler,OR,131
Wheeler,TX,1
White,AR,11
White,IL,5
White,IN,8
White,TN,2
White,GA,2
White Pine,NV,55
Whiteside,IL,7
Whitfield,GA,51
Whitley,KY,4
Whitley,IN,6
Whitman,WA,5
Wichita,TX,47
Wicomico,MD,64
Wilbarger,TX,5
Wilcox,GA,1
Wilcox,AL,3
Wilkes,GA,16
Wilkes,NC,12
Wilkin,MN,1
Wilkinson,GA,8
Will,IL,422
Willacy,TX,1
Williams,OH,13
Williamsburg,SC,248
Williamsburg,VA,1
Williamson,TX,1105
Williamson,TN,217
Williamson,IL,13
Wilson,TN,93
Wilson,NC,25
Wilson,KS,3
Wilson,TX,1
Winchester,VA,5
Windham,VT,37
Windham,CT,74
Windsor,VT,36
Winnebago,WI,131
Winnebago,IL,101
Winnebago,IA,4
Winneshiek,IA,3
Winona,MN,196
Winston,AL,25
Wise,VA,30
Wise,TX,3
Wood,OH,94
Wood,TX,3
Wood,WI,16
Wood,WV,15
Woodbury,IA,48
Woodford,IL,10
Woodford,KY,3
Woods,OK,1
Worcester,MA,615
Worcester,MD,51
Worth,IA,5
Worth,GA,11
Wright,MN,650
Wright,IA,7
Wright,MO,1
Wyandotte,KS,654
Wyoming,PA,5
Wyoming,NY,7
Wythe,VA,135
Yadkin,NC,54
Yakima,WA,13
Yalobusha,MS,2
Yamhill,OR,994
Yates,NY,3
Yavapai,AZ,499
Yazoo,MS,4
Yell,AR,9
Yellow Medicine,MN,31
Yellowstone,MT,3
Yolo,CA,1226
York,PA,1325
York,SC,1722
York,VA,221
York,NE,11
York,ME,131
Young,TX,1
Yuba,CA,461
Yuma,AZ,120
Yuma,CO,8